{"cameraMode":{"drawMode":0,"name":"Shaded","section":"Shading Mode"},"sceneLighting":true,"audioPlay":false,"sceneViewState":{"m_AlwaysRefresh":false,"showFog":true,"showSkybox":true,"showFlares":true,"showImageEffects":true,"showParticleSystems":true,"showVisualEffectGraphs":true,"m_FxEnabled":true},"in2DMode":false,"pivot":{"x":0.17533168196678163,"y":4.206760883331299,"z":36.649757385253909},"rotation":{"x":0.024307040497660638,"y":0.005993759259581566,"z":-0.0001468128029955551,"w":0.9996902942657471},"size":4.482540607452393,"orthographic":false}